JAV8acoFT,机智酷盖,1804530227,刷b站看到杀不死又开始emo了mdzyc你对得起谁​,2020-12-31 00:42,0,0,2,https://weibo.com/1804530227/JAV8acoFT?refer_flag=1001030103_
JAV2MgSZU,pppariko,6808814779,首页有哈豆zyc的粉丝吗，建议来互取​,2020-12-31 00:28,0,0,2,https://weibo.com/6808814779/JAV2MgSZU?refer_flag=1001030103_
JAUWMy9Aj,陈星竹297,5634632757,和ZYC在年尾相见啦2武汉·武昌理工学院​,2020-12-31 00:14,0,0,7,https://weibo.com/5634632757/JAUWMy9Aj?refer_flag=1001030103_
JAVhrbPDa,烦烦无敌最俊朗,5799910723,取消一定意义上也是好事吧，我属实也还没准备好要怎么再次面对zyc，他在舞台上的时候我看是不看？蹦是不蹦？不看吧，花了钱的，看吧，觉得恶心​,2020-12-31 01:04,0,0,0,https://weibo.com/5799910723/JAVhrbPDa?refer_flag=1001030103_
JAV8acoFT,机智酷盖,1804530227,刷b站看到杀不死又开始emo了mdzyc你对得起谁​,2020-12-31 00:42,0,0,2,https://weibo.com/1804530227/JAV8acoFT?refer_flag=1001030103_
JAV2MgSZU,pppariko,6808814779,首页有哈豆zyc的粉丝吗，建议来互取​,2020-12-31 00:28,0,0,2,https://weibo.com/6808814779/JAV2MgSZU?refer_flag=1001030103_
JAUWMy9Aj,陈星竹297,5634632757,和ZYC在年尾相见啦2武汉·武昌理工学院​,2020-12-31 00:14,0,0,7,https://weibo.com/5634632757/JAUWMy9Aj?refer_flag=1001030103_
JAV8acoFT,机智酷盖,1804530227,刷b站看到杀不死又开始emo了mdzyc你对得起谁​,2020-12-31 00:42,0,0,2,https://weibo.com/1804530227/JAV8acoFT?refer_flag=1001030103_
JAV2MgSZU,pppariko,6808814779,首页有哈豆zyc的粉丝吗，建议来互取​,2020-12-31 00:28,0,0,2,https://weibo.com/6808814779/JAV2MgSZU?refer_flag=1001030103_
JAUWMy9Aj,陈星竹297,5634632757,和ZYC在年尾相见啦2武汉·武昌理工学院​,2020-12-31 00:14,0,0,7,https://weibo.com/5634632757/JAUWMy9Aj?refer_flag=1001030103_
JAVhrbPDa,烦烦无敌最俊朗,5799910723,取消一定意义上也是好事吧，我属实也还没准备好要怎么再次面对zyc，他在舞台上的时候我看是不看？蹦是不蹦？不看吧，花了钱的，看吧，觉得恶心​,2020-12-31 01:04,0,0,0,https://weibo.com/5799910723/JAVhrbPDa?refer_flag=1001030103_
